Name,Register Number,Department,Year,Room Number,Email,Password,Gender
Aishwarya,22CS101,AIDS,1,C101,aishwarya102@hostelhub.com,password123,Female
Ananya,22CS100,CSE,1,C101,ananya101@hostelhub.com,password123,Female
Deepika,22CS103,ECE,1,C101,deepika104@hostelhub.com,password123,Female
Priyanka,22CS102,IT,1,C101,priyanka103@hostelhub.com,password123,Female
Shruti,22CS104,EEE,1,C101,shruti105@hostelhub.com,password123,Female
Sruthi,22CS105,MECH,1,C101,sruthi106@hostelhub.com,password123,Female
Aditi,22CS106,CIVIL,1,C102,aditi107@hostelhub.com,password123,Female
Divya,22CS110,AIDS,1,C102,divya111@hostelhub.com,password123,Female
Kavya,22CS109,CSE,1,C102,kavya110@hostelhub.com,password123,Female
Neha,22CS111,IT,1,C102,neha112@hostelhub.com,password123,Female
Riya,22CS107,MBA,1,C102,riya108@hostelhub.com,password123,Female
Sneha,22CS108,MCA,1,C102,sneha109@hostelhub.com,password123,Female
Kirti,22CS117,MCA,1,C103,kirti118@hostelhub.com,password123,Female
Meera,22CS113,EEE,1,C103,meera114@hostelhub.com,password123,Female
Nisha,22CS115,CIVIL,1,C103,nisha116@hostelhub.com,password123,Female
Pooja,22CS112,ECE,1,C103,pooja113@hostelhub.com,password123,Female
Shreya,22CS116,MBA,1,C103,shreya117@hostelhub.com,password123,Female
Swati,22CS114,MECH,1,C103,swati115@hostelhub.com,password123,Female
Amrita,22CS120,IT,1,C104,amrita121@hostelhub.com,password123,Female
Anjali,22CS121,ECE,1,C104,anjali122@hostelhub.com,password123,Female
Harini,22CS123,MECH,1,C104,harini124@hostelhub.com,password123,Female
Preeti,22CS118,CSE,1,C104,preeti119@hostelhub.com,password123,Female
Ritu,22CS122,EEE,1,C104,ritu123@hostelhub.com,password123,Female
Sonia,22CS119,AIDS,1,C104,sonia120@hostelhub.com,password123,Female
Gayathri,22CS127,CSE,1,C105,gayathri128@hostelhub.com,password123,Female
Nivedita,22CS125,MBA,1,C105,nivedita126@hostelhub.com,password123,Female
Pavithra,22CS126,MCA,1,C105,pavithra127@hostelhub.com,password123,Female
Radhika,22CS129,IT,1,C105,radhika130@hostelhub.com,password123,Female
Sandhya,22CS128,AIDS,1,C105,sandhya129@hostelhub.com,password123,Female
Swetha,22CS124,CIVIL,1,C105,swetha125@hostelhub.com,password123,Female
Archana,22CS133,CIVIL,2,C201,archana134@hostelhub.com,password123,Female
Kiran,22CS132,MECH,2,C201,kiran133@hostelhub.com,password123,Female
Malini,22CS131,EEE,2,C201,malini132@hostelhub.com,password123,Female
Priya,22CS130,ECE,2,C201,priya131@hostelhub.com,password123,Female
Sujatha,22CS134,MBA,2,C201,sujatha135@hostelhub.com,password123,Female
Lakshmi,22CS136,CSE,2,C202,lakshmi137@hostelhub.com,password123,Female
Rajeswari,22CS138,IT,2,C202,rajeswari139@hostelhub.com,password123,Female
Saraswathi,22CS137,AIDS,2,C202,saraswathi138@hostelhub.com,password123,Female
Uma,22CS139,ECE,2,C202,uma140@hostelhub.com,password123,Female
Vimala,22CS135,MCA,2,C202,vimala136@hostelhub.com,password123,Female
Geetha,22CS141,MECH,2,C203,geetha142@hostelhub.com,password123,Female
Gita,22CS143,MBA,2,C203,gita144@hostelhub.com,password123,Female
Indira,22CS140,EEE,2,C203,indira141@hostelhub.com,password123,Female
Lata,22CS144,MCA,2,C203,lata145@hostelhub.com,password123,Female
Sita,22CS142,CIVIL,2,C203,sita143@hostelhub.com,password123,Female
Asha,22CS145,CSE,2,C204,asha146@hostelhub.com,password123,Female
Janaki,22CS149,EEE,2,C204,janaki150@hostelhub.com,password123,Female
Savitri,22CS148,ECE,2,C204,savitri149@hostelhub.com,password123,Female
Shanti,22CS147,IT,2,C204,shanti148@hostelhub.com,password123,Female
Usha,22CS146,AIDS,2,C204,usha147@hostelhub.com,password123,Female
Anita,22CS152,MBA,2,C205,anita153@hostelhub.com,password123,Female
Bina,22CS151,CIVIL,2,C205,bina152@hostelhub.com,password123,Female
Mamta,22CS154,CSE,2,C205,mamta155@hostelhub.com,password123,Female
Renu,22CS150,MECH,2,C205,renu151@hostelhub.com,password123,Female
Sunita,22CS153,MCA,2,C205,sunita154@hostelhub.com,password123,Female
Babita,22CS156,IT,3,C301,babita157@hostelhub.com,password123,Female
Jyoti,22CS158,EEE,3,C301,jyoti159@hostelhub.com,password123,Female
Komal,22CS157,ECE,3,C301,komal158@hostelhub.com,password123,Female
Rekha,22CS155,AIDS,3,C301,rekha156@hostelhub.com,password123,Female
Meena,22CS161,MBA,3,C302,meena162@hostelhub.com,password123,Female
Poonam,22CS159,MECH,3,C302,poonam160@hostelhub.com,password123,Female
Seema,22CS162,MCA,3,C302,seema163@hostelhub.com,password123,Female
Varsha,22CS160,CIVIL,3,C302,varsha161@hostelhub.com,password123,Female
Alka,22CS163,CSE,3,C303,alka164@hostelhub.com,password123,Female
Aruna,22CS164,AIDS,3,C303,aruna165@hostelhub.com,password123,Female
Manju,22CS165,IT,3,C303,manju166@hostelhub.com,password123,Female
Pushpa,22CS166,ECE,3,C303,pushpa167@hostelhub.com,password123,Female
Chitra,22CS167,EEE,3,C304,chitra168@hostelhub.com,password123,Female
Lalitha,22CS168,MECH,3,C304,lalitha169@hostelhub.com,password123,Female
Madhavi,22CS169,CIVIL,3,C304,madhavi170@hostelhub.com,password123,Female
Shubha,22CS170,MBA,3,C304,shubha171@hostelhub.com,password123,Female
Kala,22CS172,CSE,3,C305,kala173@hostelhub.com,password123,Female
Roopa,22CS171,MCA,3,C305,roopa172@hostelhub.com,password123,Female
Sheela,22CS174,IT,3,C305,sheela175@hostelhub.com,password123,Female
Sona,22CS173,AIDS,3,C305,sona174@hostelhub.com,password123,Female
Leela,22CS175,ECE,4,C401,leela176@hostelhub.com,password123,Female
Maya,22CS176,EEE,4,C401,maya177@hostelhub.com,password123,Female
Tara,22CS177,MECH,4,C401,tara178@hostelhub.com,password123,Female
Bhavana,22CS179,MBA,4,C402,bhavana180@hostelhub.com,password123,Female
Divyanshi,22CS180,MCA,4,C402,divyanshi181@hostelhub.com,password123,Female
Gouri,22CS178,CIVIL,4,C402,gouri179@hostelhub.com,password123,Female
Ishika,22CS181,CSE,4,C403,ishika182@hostelhub.com,password123,Female
Khushi,22CS182,AIDS,4,C403,khushi183@hostelhub.com,password123,Female
Mansi,22CS183,IT,4,C403,mansi184@hostelhub.com,password123,Female
Prisha,22CS184,ECE,4,C404,prisha185@hostelhub.com,password123,Female
Riddhima,22CS185,EEE,4,C404,riddhima186@hostelhub.com,password123,Female
Saumya,22CS186,MECH,4,C404,saumya187@hostelhub.com,password123,Female
Aaradhya,22CS189,MCA,4,C405,aaradhya190@hostelhub.com,password123,Female
Tanisha,22CS187,CIVIL,4,C405,tanisha188@hostelhub.com,password123,Female
Vaidehi,22CS188,MBA,4,C405,vaidehi189@hostelhub.com,password123,Female
Aaslin,22CS191,IT,4,C406,aaslin@hostelhub.com,password123,Female
Charu Harinee,22CS192,CSE,4,C406,charuharinee@hostelhub.com,password123,Female
Rashvi,22CS190,AIDS,4,C406,rashvi@hostelhub.com,password123,Female
Yamini,22CS193,AIML,4,C406,yamini@hostelhub.com,password123,Female
